"class_size","scores","pre_k","reading_program"
15.3783205784276,11.4008801658694,1,0
21.5879099408081,7.84115676289016,0,1
19.0058008803115,7.18154518546594,0,0
17.7945526028591,7.9205202896125,0,1
7.34891001446366,17.8981933986433,1,0
16.5806001172539,10.378210496057,0,1
21.9239981567588,6.67446032119094,0,0
13.9320063502403,14.0648342310718,1,0
28.5180491212036,7.94300220617937,0,1
16.4138021719377,8.41993211409677,1,0
15.3006804714104,8.61927108077083,1,0
14.3012673274809,12.6573449956269,1,0
23.9905472353454,8.04662728393191,0,0
24.4965291534609,9.01653696063596,0,0
16.4538994558663,9.74303758350169,1,0
22.3792627700207,9.91313235737059,1,0
24.5454491966053,7.07642176371522,0,0
28.012480562603,8.86399319771164,0,1
23.4863170303876,9.40668188037214,1,0
19.8478631822578,7.72345923769384,0,0
29.2828286514372,6.92574819161478,0,1
30.3948981652976,6.9684692268999,0,1
17.2566739085411,9.70488556630715,0,1
17.9259299821419,8.5936565894501,0,0
23.2141794296024,7.45930312501493,0,0
26.8840646518546,5.6800738931456,0,1
24.8190081507924,6.40921909210012,0,0
14.2746155991389,9.97895076816561,1,0
24.3357003580487,9.18671126726982,0,0
24.3485959877135,4.7198192792909,0,0
9.74893164048303,13.1673447358887,1,0
17.8647625728197,7.46721031231068,0,0
9.18223485933327,18.8367628364937,1,0
25.594472333344,7.3237823706176,0,1
25.7737505589795,8.87606461550925,0,1
10.9769477245943,15.2801428484216,1,0
24.513575077882,7.79164592239809,0,1
19.7551460501153,8.26203132190743,0,1
24.6996687102981,7.15500065410584,0,0
18.987677620271,8.52283060906714,0,0
18.4454225742475,9.47886739669173,0,0
15.4727833951822,14.5930406931071,1,1
22.9613383461166,8.90668897059418,0,0
27.0616582508263,7.88304016221359,0,1
18.5722507750283,10.290559789055,0,0
18.2712206302191,6.17306303094812,0,0
30.4100295833675,8.0278230081122,0,1
16.7131288212304,12.9970049638989,1,0
14.9513174228437,13.8345304058548,1,0
18.1238325372899,9.4559126464774,0,0
21.6326242692946,7.84909125822403,0,0
18.9006593816571,7.86457538621371,0,0
24.4344328405625,7.98119311767493,0,0
19.4973394047323,8.98071416000851,0,0
27.9760243643958,8.52981013526484,0,1
17.0830583843949,9.94334186059194,0,0
21.8648319186057,10.2516395862389,0,0
17.3460561662238,10.1332604973289,1,0
25.0753037838169,8.17456922399323,0,1
5.37719853014341,21.4242511812896,1,0
23.4300664396445,6.4842120484732,0,0
22.3882419061312,5.20888126505486,0,0
26.8199906177987,9.29010381827628,0,1
20.702373531646,7.12262585394974,0,0
17.8268271014472,7.47948156813588,0,0
26.642687918969,7.54920917468983,0,1
27.3010056751355,7.96810358355197,0,1
14.4726317159241,13.5612335916384,1,0
9.8820073849168,14.1083234411812,1,0
20.7216611543906,8.39565983732854,0,0
22.4877713445356,6.05466628089985,0,0
8.91329899653116,14.9828949349205,1,0
15.6521778350004,10.474601147929,1,0
22.6959759005305,6.63014667957587,0,0
25.8575127166142,8.16642415494249,0,1
17.2175618121603,10.1046097880906,1,1
8.09528615837474,15.2615894062846,1,0
24.1943474767099,8.94711372428671,0,0
27.8135879353931,7.28961448848904,0,1
17.3634606882001,9.8150555710987,0,0
18.3564919930046,7.69003687990955,0,0
20.5338104131923,7.5607384432968,0,0
35.9848212379476,5.66881378555003,0,1
6.7542376036767,19.2790455703897,1,0
14.5124251338592,12.7496970139192,1,0
18.366134887607,7.81104205066678,0,0
23.491716251103,7.05952241838357,0,0
23.4260779656846,6.27196186641593,0,0
23.6042832441314,5.65933249738576,0,0
14.1722020928747,7.60228547352835,0,0
16.3084143123745,11.6379714125019,1,0
19.3938677963607,6.78868773773634,0,1
27.1750615806352,9.77412560364847,0,1
20.4358053744609,8.47304437669527,0,0
23.0259974063028,8.56251284257144,1,0
10.9812852307542,15.629601689477,1,0
13.7154772255416,12.844282727573,1,1
23.6009917472087,6.17474725532544,0,0
19.9728102727299,8.50663681227371,0,0
26.7850296596024,7.63267270544205,0,1
18.0657113896431,7.57533299980056,0,0
15.2400198231986,14.1002300743311,1,0
17.1846708568208,10.1203652204873,1,0
22.0687909006753,7.5248382229289,0,0
27.2662438517149,7.92270741382582,0,1
22.3285362037294,6.87078570573133,0,0
31.1234091409719,8.58494488091484,0,1
13.0850360313713,13.6441218748111,1,1
10.8364342596022,15.9766802459154,1,0
33.2144450267029,7.10200662406159,0,1
26.8513014599008,8.58387690891684,0,1
20.8252094183894,7.04874754362505,0,0
25.2838217215757,7.93932241063555,0,1
21.9307147997771,8.28603668812579,0,0
30.4945109516422,7.00298767290975,0,1
19.0983797013729,12.4069007182428,1,1
19.1558183157996,8.39323747568573,0,0
24.1661220218042,7.24127860391272,0,0
19.5178290817471,8.47277217642739,0,0
17.6444541323238,9.46597229525525,0,0
13.0029886158236,12.9308466641814,1,0
24.4488436929644,5.82121909408343,0,0
17.5370732522331,12.0252692534378,1,0
12.8560584485893,12.8692057892379,1,0
33.9333234749842,6.88385825053252,0,1
27.1177665885492,9.4642274361095,0,1
16.1018855426453,11.5579267512423,1,1
16.2875633125919,10.5464180654191,1,0
24.8577572456032,7.49001248735972,0,0
24.6750029393034,8.75577640338991,0,0
24.8332131464309,5.7121414217584,0,0
17.1358243745929,8.9006214571391,1,0
17.6649909557212,9.28341064069492,0,0
26.7070396042199,7.32994563389574,0,1
21.6514571676251,9.26975740450957,0,0
17.7310423084382,9.12709888846639,1,0
18.8798592886974,11.6183536756999,1,0
20.6472719390374,8.07375967619414,0,0
15.5152966084365,11.446047308055,1,0
12.6468073738803,9.69184082797202,1,0
21.6318979731993,12.1089682732081,1,0
17.5140924025823,9.78842338405098,0,0
30.8177455977979,8.89300949569554,0,1
14.9410160593702,11.3996991768215,1,0
19.9066544668042,8.06646150291986,0,0
25.048266809174,8.03478380137059,0,1
22.1681530466283,10.3482670431428,1,0
21.0049822436883,6.97835187005598,0,0
13.672226633324,12.6470287518095,1,0
15.9494508606649,8.67798268605575,1,0
18.2186523992019,10.6484455273452,0,0
16.7070848317459,10.6610275707013,1,0
16.513873278558,9.30844090737844,1,0
21.2569978181506,9.38962907765828,0,1
17.9107980125775,9.22372784153137,0,0
23.2738634725529,8.24015988101358,0,0
15.5863166514534,10.5390226988541,1,0
19.9148068393136,2.92727583267987,0,0
16.4650249115038,10.2786091959718,1,0
24.360558101398,7.20300969520828,0,0
28.4778340244299,6.29216477425956,0,1
18.999572190786,9.44789101009034,0,0
13.1766761666811,11.9912669249381,1,0
17.3491829555405,9.19398351218869,0,0
13.803285534981,9.8900425516219,1,0
20.6736716689304,9.1643667724382,0,1
13.3742167880796,10.0715718168254,1,0
22.3055941763482,7.96991045138158,0,0
20.1473300684675,7.83605061400427,0,0
17.5450018352089,7.94050289417781,0,0
23.8690757380773,7.25942020914165,0,0
20.7521379588297,8.38001514654827,0,0
23.6487709652881,11.8016151902138,1,0
29.3093205845685,8.00618294409997,0,1
21.8782367384258,7.81387298355563,0,1
12.7727616430564,11.8443231267084,1,1
21.4271380107393,12.872832990657,1,0
28.1285874066359,8.91576637497447,0,1
21.0531488171042,9.46655593834373,0,0
19.7345004679657,7.59113487170477,0,0
26.9801655876689,7.74410637687173,0,1
15.4406225545218,9.71915929200623,1,0
21.8136244510456,10.1977448621829,0,0
26.3958213156113,6.25055558500104,0,1
20.4073611585474,9.50320228148909,1,0
25.7672217745647,7.14305781627466,0,1
21.2057645785933,8.43102904865489,0,0
12.9702677730148,13.7264360969271,1,0
22.2247558862329,8.20067458569991,0,0
21.6699876615803,10.8107414042386,0,1
14.4625413239822,10.7568485418249,1,0
28.9249199399155,8.91971092915975,0,1
20.7589953393718,7.09001790802075,0,0
24.533768614815,7.1956097551173,0,0
17.2566606067924,6.78382932348818,0,0
16.1758091107468,10.1026574601749,1,0
18.3302864882144,8.15706054380291,0,0
21.4632106638882,8.17082470780412,1,0
21.2724372546906,9.35803124520781,1,0
17.3313496437244,8.49803547126063,0,0
16.8832075606886,11.6669218248897,1,0
15.3873683961748,12.3014383045664,1,0
17.9107929503395,8.75018695333467,0,1
26.288605541043,7.55542793833805,0,1
18.0541689392651,11.3202109538347,0,0
7.04563161936127,18.9811548048283,1,0
26.6457458593959,8.47504280907545,0,1
23.8412765760605,8.0836813753268,0,0
17.4356554687449,7.42060144402196,0,0
25.8944562388466,8.80715321457555,0,1
22.914734506726,6.78595562147233,0,0
22.2900878666073,8.7280583950533,1,0
23.9705356113021,6.62302469599157,0,0
20.5104851718683,5.8164033492639,0,0
25.0106951507315,6.94572832198037,0,1
18.0732586164026,7.50541597944808,0,0
28.8415697509707,6.55994247978056,0,1
24.5745296084149,8.05991685832747,0,0
20.2765444948615,6.97396473622057,0,0
17.5191631417719,9.89363133368984,0,0
15.7310330072126,12.3125444085576,1,1
12.2405041499733,14.389922213072,1,0
22.2965257461908,8.86242843027636,0,0
24.1203754084438,7.49616832412497,0,0
22.7793196258762,5.04382956650536,0,0
16.7611510094343,12.0612223870064,1,0
18.1869478380518,8.26324326856345,0,1
23.2466395595935,7.85621587554712,0,0
26.2938332311522,7.40669371486762,0,1
22.3449677033776,7.18105231714505,0,0
24.495968137903,8.39205577299498,0,0
15.467077340321,11.8862346662586,1,1
12.3636326849761,12.7644152858791,1,0
15.2086996326168,11.0201714881191,1,0
24.279904053592,8.22978854510292,0,0
23.0206020589904,6.36288955895557,0,1
21.5119081947564,9.61526013006413,1,0
18.6293254467237,9.66964988299827,0,1
27.725470345134,8.23888973661152,0,1
18.1311539219583,9.48008305114019,0,0
17.9537686265094,7.7423097737503,0,0
28.4508822892075,5.70379611279667,0,1
12.5958390525866,11.7803039473581,1,0
16.2178107890265,10.9785555031616,1,0
17.1581544841709,9.03988148766192,0,0
27.7521767285897,6.90493031745102,0,1
11.5135361156421,12.3074684736502,1,0
19.7290410953451,7.28924357193945,1,0
23.1348185034826,5.94598785112251,0,0
21.49466889824,8.58711708468102,0,0
26.9127150501136,7.52228214875615,0,1
19.2327861558515,6.96206220801961,0,0
25.805209514613,6.27679328503715,0,1
11.1094652657943,12.1573269339792,1,0
14.7862113088123,11.2415026952137,1,1
14.4488332670557,8.77849025204825,1,0
15.3136055409522,13.2016505924304,1,0
30.2687694862226,7.5196073967814,0,1
13.6948467424034,10.6309722114632,1,0
23.2807431203973,6.71888416956804,0,0
20.6327654355691,10.1635010567583,0,1
5.73516298988471,20.1035374650081,1,0
17.3206241958551,11.632464252448,0,0
18.537913047985,8.70209209221105,1,0
16.6498191843912,10.5457852443122,1,1
22.3161591908019,7.58275793239458,0,0
14.722643060521,8.85891436607036,1,0
28.0738337610682,5.71875371598727,0,1
17.5107593673932,10.2343350698226,0,0
19.1325353926434,9.28395344680843,0,0
26.8639714824966,7.83703319829319,0,1
19.3699771475625,7.65075999469982,0,0
14.0723274737378,11.3882108215394,1,0
23.4266827764908,5.69364855695045,0,0
25.9889997386112,8.50034412481727,0,1
18.0693753703706,7.14001083969359,0,0
13.628283010161,12.7665332865106,1,0
21.2529045945222,7.69304503906052,0,0
18.915156275365,9.22260574926083,1,0
14.5357341147308,11.8478272371787,1,0
14.5886422282308,10.539376526619,1,0
30.4442803870335,6.73768757743694,0,1
8.55099690591326,16.0005671785012,1,1
32.145498552921,5.62546119482659,0,1
22.6527269367855,7.6375732665733,0,0
22.115575803413,10.4017753046448,0,0
19.6735624422992,7.28230488749966,0,0
24.1374853423205,6.3013887661341,0,0
21.5961100585816,8.3020728137584,0,0
17.8375276307549,8.10923528105305,0,0
17.4106344101382,8.45315050424505,0,0
18.590347057793,9.21310369264002,0,0
18.7533821387294,9.66254341411971,0,0
23.3191531313609,6.66157222305753,0,0
21.2072241701143,10.9228694076222,0,1
19.2155892028877,8.08764137022046,0,0
20.191387503945,9.75241659698033,1,0
22.1429266339839,6.20888466674236,0,0
11.9031947368322,12.8724842169182,1,0
22.6087489321484,8.92000210061557,0,0
24.593833278213,6.48770291710893,0,0
21.1112929265112,9.91642281914322,1,0
15.1661678808197,11.2196771752221,1,0
32.7586622619244,7.68817740912822,0,1
24.7954140317635,5.8244451527519,0,0
24.8268153608683,4.79704481821185,0,0
15.2670253858485,13.387558054409,1,0
23.0404256148058,7.05187590526647,0,0
17.6139279782264,12.8209065477868,0,0
22.2048347237882,8.05910211843582,0,0
23.6004682954981,12.9900449935071,1,0
27.6219191958886,8.77724378742549,0,1
20.1734693990499,8.55208669428401,0,0
22.4093344310225,7.10388298413541,0,0
17.5807079097139,9.39770472823889,0,0
11.7368406906515,12.6650392429063,1,0
18.0216489488375,9.46533169124985,0,0
15.6217626806177,12.2166921136063,1,0
14.8327987297978,10.5015326812442,1,0
16.0719306747149,12.9177695259836,1,1
23.548058922008,8.20290804839028,0,0
12.6252642921826,10.6961881407085,1,0
8.17357701992989,17.2474284080566,1,1
19.9650067396625,7.16759969123486,0,0
12.9069884092685,12.4586960432054,1,0
27.7498227816898,5.89201810395115,0,1
12.9233621972179,10.7395379623713,0,0
16.4834633224058,9.05576762537027,1,0
17.5667356140537,8.28743292227761,0,0
25.0566456073735,7.03433359019835,0,1
22.518279383278,8.3642609705701,0,0
19.1188253925355,9.79420230079504,0,1
21.5839806053012,8.52834287401481,1,0
25.7267990113223,8.26614716005955,0,1
19.2037755139768,8.51254008936421,0,0
14.8619309618108,12.5004202872455,1,1
19.6404137438627,6.80387316109243,0,0
14.376315402969,10.3923815224671,1,0
18.8163160958137,8.02884447865803,0,0
21.8223176630213,10.9778885630176,1,0
26.0980081860129,7.55833916362084,0,1
18.8798270047034,8.4776345795371,0,0
22.0383178810035,7.57714600794758,0,0
20.6746961390159,6.2138676175039,0,0
21.1134214554304,8.17153061118508,0,0
21.2843338687622,7.22256439581784,0,0
24.3860199154278,7.26675332538703,0,0
23.1653790768375,8.16895124066667,0,1
20.2106261181178,9.83390462185503,0,0
24.3227894046108,6.70123779080522,0,0
16.2312644346959,8.83950673462938,1,0
17.4418205957379,8.33476452934177,0,0
19.9134344248138,7.6163052312567,0,0
21.4022229665105,9.6094452312848,1,0
17.1714884805612,9.36911050350528,0,0
22.5152386074451,9.03836015521078,1,0
18.6271806446511,8.30601403180701,0,1
16.7903736501612,10.2975856815327,1,0
23.2140278849737,8.49167378135937,0,1
19.7009401050534,8.07093194211297,0,0
13.6623752792384,11.3633947580383,1,0
26.4690563124709,7.43508869941942,0,1
16.8212861092638,12.0329209419327,1,0
19.3501796709255,10.2206945565761,1,0
25.6779975688381,7.26227721045314,0,1
15.1009923676143,12.2465213128493,1,0
25.5232107761724,7.3308000388275,0,1
26.2080709790687,7.68132294785551,0,1
24.8209439449066,6.39416323065401,0,0
20.9815546873057,5.00318027476638,0,0
12.0164544831805,12.9304383010127,1,0
23.1287088138531,8.32629200954746,0,1
19.5069079812004,10.6676739528789,0,0
24.0706158343134,10.6310524298887,0,0
16.2423925458353,11.0960848813712,1,0
21.5422086837529,9.92580743107644,1,0
28.1412128648024,7.51497029914417,0,1
21.2371089645712,6.13712932874021,0,0
23.8540506223998,7.7672995656245,0,0
14.3926319497599,12.1686429743109,1,0
18.42241670063,7.07730548833747,0,0
25.77112656193,7.58891944176676,0,1
21.3696196722257,5.28204274928213,0,0
19.9527670737853,5.81396112803793,0,0
13.1563115765689,10.9735852025198,1,0
17.0276977652062,9.52149985120333,0,0
20.9023226432355,6.47610626984592,0,0
33.3612953928192,6.62699500679759,0,1
24.0979751220059,8.66277363034756,0,0
18.3997105472802,11.0388584899824,1,0
25.2378747679468,6.4752913755443,0,1
19.5119387501706,7.69608635307095,0,0
17.0998651383105,9.9660567494241,1,0
26.1293443880869,6.60911682919316,0,1
15.0452814963707,10.8219932343043,1,0
15.9782174678909,10.5911470883613,1,0
18.3084524926682,11.3830741549001,1,0
17.0249888416747,11.3382597294844,0,0
18.2180975407354,12.1687433751676,0,0
16.5717340488238,9.22326551918928,1,0
21.3685079847908,7.7452147650948,0,0
19.7850318075228,9.44204786699492,1,0
14.1252930760744,12.015911810366,1,0
12.5395114021694,10.8282565669339,1,0
25.2875486000545,7.98699137293295,0,1
20.1483571004634,6.29891598311977,0,0
20.7993450398392,7.37407439265894,0,0
22.6534926177327,8.67186150686583,0,0
17.1490706147022,10.4816487382953,0,0
27.1261229920581,8.50980690017349,0,1
9.48581888436888,17.2699372660961,1,1
19.6143747774587,7.71892162630743,0,0
15.4431616052263,11.7712211313993,1,0
21.1034577029679,5.53852544966338,0,0
21.34442444753,9.60600999619758,1,0
25.946150430392,6.97689712004046,0,1
18.3965639617872,11.0414628172167,1,1
21.5739077978451,10.6080471005125,0,0
20.6748777044485,8.90851526905592,0,0
17.225957264893,8.58193205960787,0,0
18.9787781480351,11.1417376771229,1,0
16.8422026090203,12.3612015902916,1,1
17.1646839302563,10.3518973673016,0,1
23.1755982639705,7.43713367738368,0,0
27.769461020864,7.77626325853008,0,1
9.0794264446325,16.7995781429586,1,0
21.8273922472198,7.99678783487571,1,0
21.6755378270656,6.93417839939958,0,0
20.7184736375778,8.6131822130131,1,0
17.7217891374931,9.9899536528272,0,0
19.3780810598864,9.50191052671196,0,0
13.3227808196988,13.2267207255958,1,0
16.4168564257552,11.363800868069,1,0
19.3994815031776,9.98730595224676,0,0
18.0681358063347,9.4440315837423,0,0
17.0778252567894,7.38078526833724,0,0
11.8678896065659,11.1462398272109,1,0
22.4058462384352,6.47050843206346,0,0
18.0721935769352,8.97682709655676,0,0
21.6947391956231,12.3112305280719,1,0
19.9185016015789,5.54931020382914,0,0
16.3080409497886,8.47144463509785,1,0
20.1704222432086,8.07376231044789,0,0
18.912627772892,8.00358816720485,0,0
17.7883100052762,5.44682918319597,0,0
15.9716964610012,13.4021591536779,1,0
23.4328392648274,6.0056796457927,0,0
19.0980260735599,8.65271128922743,0,0
19.1491945843685,10.4560006756742,0,0
19.6395856492185,11.4673967698123,1,0
17.0723521036052,8.39260440302257,0,0
14.9193642398418,11.7329697205016,1,0
17.4870816114239,10.4491942938054,0,0
19.7814242710967,8.25017121280063,0,0
13.9038632722739,10.4956613393408,1,0
14.7402923052781,12.3423559770732,1,1
18.4422561039414,9.07361198714323,0,0
22.4313319917494,5.41485218531419,0,0
19.1477949862159,7.00385453611301,0,0
14.5457704136545,11.1288813819678,1,0
22.3905676624116,8.01750564188307,1,0
22.6902194266248,9.07798240265121,0,0
20.6645534772449,8.47170532414046,0,0
18.8532844316053,9.88633109251253,0,0
4.26232968006289,27.6188419157443,1,0
21.0425176207352,5.96950616507459,0,0
13.7876300220237,13.7127163868269,1,0
14.8270626148651,11.0136849533842,1,0
24.4640948789859,8.31963095044322,0,1
25.5742260718249,7.38198215352572,0,1
13.8040641897556,10.1944377526051,1,0
27.3154810155993,5.83340608954447,0,1
27.5461409629341,9.4944165584541,0,1
16.669662166915,10.0214945789182,1,0
21.5068204552186,8.05085556537372,0,0
21.3723697109365,6.82608675608578,0,0
22.738469490366,6.2169979443833,0,0
17.8534967309226,6.9958683657067,0,0
26.0590221435798,9.02541285143695,0,1
18.293403350854,8.4704421671828,0,0
16.9662096456056,11.4758724718228,1,0
13.9746876924282,13.1694252022549,1,1
25.1682207520377,8.86056357747871,0,1
20.9374646208471,7.90931715957312,1,0
20.1250995685346,7.54246032289061,0,0
19.3739924917629,8.19703630326306,0,0
22.6426328561417,7.75398256457312,0,0
10.1787809871154,15.0372610508184,1,1
15.6158969267663,12.8195545919975,1,1
15.960722018057,8.39067509815089,1,0
27.0022579763254,7.53939534775862,0,1
22.8138420153377,9.61770788057258,0,0
19.2312704274705,9.17730978359252,0,0
30.4472507302966,7.9830781705924,0,1
11.1818622220782,9.33765874710811,0,0
21.2119789392794,6.86900913916427,0,0
25.7704105627541,7.02711915130465,0,1
25.5935804368798,7.53384155645512,0,1
18.0536917090578,6.54448366447895,0,0
14.2760749545852,12.4227415018853,1,0
17.6726732109016,10.4915891845723,1,0
20.3940084908037,8.20137576160225,0,1
21.5904947026101,7.14003749239536,0,0
19.0187837005021,5.02787276618526,0,0
16.5056191999815,10.1476029663772,1,0
16.2386907642225,11.1701898697673,1,1
16.9668974571172,8.01088261652171,1,0
21.0295288951371,8.66063276447177,0,1
17.2941325076466,10.973742707821,0,0
22.8120074506128,9.01221390194888,0,0
20.1783234596732,11.264279109248,1,0
15.7247849011571,11.7336954531767,1,0
5.46139537652271,21.072445765563,1,0
9.91210142245588,16.8407077572087,1,1
20.8700321117361,7.95764845305654,0,0
18.8235919245953,8.71246201668798,0,0
22.988588460846,4.78092059120923,0,0
14.2608834289239,11.2310326909447,1,0
22.3830979583143,8.10619684325015,0,0
10.5360455822284,13.662020711719,1,0
22.5601420616511,4.60955368365706,0,0
21.0880591220874,8.30252570024369,0,1
23.3289561209305,7.39827142727648,1,0
25.8352070786944,7.93072445157446,0,1
20.0665645174467,10.5042982873215,1,0
20.5314878856885,5.79247663501508,0,0
23.2283606425534,6.83176937532972,0,0
25.5231465995755,7.3993102932291,0,1
24.7409639588378,7.73411825708638,0,0
15.7101604215293,7.28830682982719,0,0
28.9177032969105,9.12442598332961,0,1
26.2462632807126,8.11662857142281,0,1
15.8118898527672,8.34220499023637,1,0
29.0243835886453,5.7122852343345,0,1
23.360034867207,8.37375771267392,0,0
7.09207584092711,21.5985398087938,1,0
25.6300883018658,8.75465045066253,0,1
20.2858526032987,9.53290090924711,0,0
18.1238266087894,8.43284884665093,0,0
24.5941642818736,7.88892271308882,0,0
24.3911456292828,4.91037399334319,0,0
28.5276325985702,6.32987141324864,0,1
19.3706389235464,11.117173275839,1,0
21.3001447895887,10.3179838654267,0,1
22.7193940455492,7.55914114524914,0,0
8.3666729359843,17.9958620068684,1,0
26.0734017259364,8.32578122691397,0,1
13.137951176486,10.5007890992639,1,0
22.4379807574095,7.77378161572285,0,0
16.0884452847928,8.80050593047627,1,0
26.3563090890931,6.57361672950783,0,1
29.250793647275,7.65910510441541,0,1
23.4300150153673,7.05903537540546,0,0
20.4679823552503,5.96588496512465,0,0
15.1438285222634,8.25721611339034,1,0
15.3014234413338,12.0108472886067,1,0
24.6603332659636,3.01388435694765,0,0
16.4341757557342,10.8911298762394,0,0
18.5203575286565,9.79057148285685,0,0
22.6744375927234,7.99419231315781,1,0
12.1130206860769,13.6558754673691,1,0
17.8483446532427,9.51070236377235,1,0
20.6402920903529,8.01919696861935,0,0
29.9444284470867,8.81269928046014,0,1
18.5924518909577,10.4417592062671,1,0
22.3698631068643,7.79139005482727,0,1
24.8345047318988,8.60978735616452,0,0
17.111159497798,8.73936490023557,0,0
20.5501442038056,7.71490438307618,1,1
22.3252578425666,6.87591125190516,0,0
28.5581850944601,7.46176121471583,0,1
22.8103465288377,5.85364749724864,0,0
24.5280153959083,6.56709511848431,0,0
27.1357484731334,7.16709182982391,0,1
22.2785100621284,8.25355790329251,0,1
19.7143634636801,6.60949581805672,0,0
19.1121694791496,11.0594448871881,0,1
17.979299190297,6.4267370510396,0,0
23.355980568212,7.99535530825161,0,0
22.4036859857591,7.35507597754932,0,1
20.8769548730782,7.48745741273263,0,0
11.8881316772473,11.7636686878504,1,1
24.9319060344835,4.99510083782185,0,0
18.4248616214177,7.84767613217575,0,0
19.9758252030604,8.7518044212327,0,0
16.9062782567525,7.89632961227273,1,0
9.59208281963482,14.3648791451278,1,0
13.8648289510635,12.2743541755574,1,0
25.2620175473444,8.01250728612467,0,1
16.7518076423405,11.8467366933204,1,0
27.1874188183314,7.10762043189603,0,1
19.0505794108804,8.18489792109765,0,0
32.1003144430941,4.54834131984751,0,1
23.0763435279162,6.35112517312765,0,0
14.6206103292093,13.2286600684961,1,0
20.4129539464907,7.35549032805567,0,0
11.7058192799925,14.4991674276046,1,0
19.6714801711335,12.5574752342499,1,0
21.1710223965131,7.8827273444198,0,0
19.7345041515138,9.36911357503525,0,0
16.4240200561746,11.8947769131357,1,1
12.2333524574076,12.241543512905,1,0
20.6837497286864,8.90438081004263,0,1
17.1588521332206,9.24648302936906,0,0
22.7985964313061,7.28482581272747,0,0
22.5713331969674,10.119554367845,0,0
25.624622421039,6.55477907423253,0,1
22.2198145197161,10.2616939542509,1,0
35.9094049901744,7.9519177144045,0,1
14.4980786227991,10.3055268743307,1,0
27.129389486031,5.77454341303649,0,1
21.7867548343382,8.04469244474362,0,0
18.6075740115311,9.0731931064076,0,1
13.6133146119699,10.7575597523679,1,0
24.9298248384311,6.85750370633722,0,0
25.9603804108308,9.2558232136847,0,1
20.8139675692735,7.78345533807796,0,0
20.3676758385048,8.79824824700612,0,0
25.6508481545972,7.38637100937071,0,1
24.627951489204,7.38625179636675,0,0
23.5931485732454,8.36934808959423,0,1
23.4017867769365,6.50008994544969,0,0
24.6269224290644,9.42625464103097,0,0
16.0891433716036,13.4717038554708,1,0
15.5757040939572,9.85857407720913,1,0
21.3711884629004,7.80358384206384,0,0
21.3618691777166,7.1957786908761,0,0
15.9271199884845,9.53757498709688,1,0
15.022383402483,9.90359046850214,1,0
10.0407916039141,13.1431497716814,1,0
17.5309125066873,8.11621497499398,0,0
17.9754568391267,7.87478615287316,0,0
16.4335708626864,9.82175615591201,1,0
15.402354201717,14.8083033710596,1,0
7.61183227969843,17.6666524559721,1,0
22.7305479411811,5.78639925684,0,0
9.34731209569988,14.7556323538519,0,0
15.5382809427043,9.28052757057063,0,0
18.4851965891576,12.3254438812475,1,0
22.3409341319906,10.9457839685957,0,0
12.6542642530769,14.185505947426,1,0
17.2351853392958,9.45280183304726,1,0
19.0674109570211,10.7139748189758,0,1
17.4428793787641,10.4338622849166,0,0
26.025943080397,8.07837751819564,0,1
18.4219799710919,9.15824998556922,0,0
25.2577419847212,9.32057084193892,0,1
21.380649446822,8.38012359366625,0,0
23.4640440611567,9.08061506199614,0,0
20.9577944710653,10.5660945030626,0,0
22.7672691018582,11.548254548224,0,0
25.8113655369279,7.72202719901566,0,1
20.2682908247888,8.71170055044847,0,1
13.3575782082727,10.9686816498216,1,0
18.5521358699308,9.88229132211255,0,1
13.0731269459978,12.9041562268996,1,0
20.6859238389329,7.79094038324506,0,1
17.1319668772675,8.67859761865923,0,0
22.8616080097606,10.4082626905055,1,0
19.088834903103,9.19258640046283,0,0
24.9257118805033,9.45841410655855,0,0
19.6513252144712,8.5320189426674,0,0
20.0052703653528,7.56420434993568,0,0
11.0389534712118,13.9182077036884,1,0
18.1048889380572,8.41154324623208,0,0
15.1926115150854,11.8236753405763,1,0
13.5530637802432,10.2117815136138,1,0
20.9656249558679,7.17445269221589,0,0
18.4889344545878,9.43353824192599,0,0
17.0973332661585,10.2082458382295,1,0
27.0686250422196,8.61534965044621,0,1
20.9453178102143,7.50966125940303,0,0
28.8247652188342,9.4605480136762,0,1
13.2665678174442,12.8521960117665,1,0
23.2028493250743,7.52858943705436,0,0
21.7947113460935,9.07685959712708,0,0
24.6964369927671,5.22447135844519,0,0
23.8672888443807,10.3424824678917,0,0
22.0719172838763,10.6129888308603,1,0
10.2466819704685,12.7934853462458,1,0
22.2750154614107,7.16085408416158,0,0
22.172232099499,7.70877315816358,0,1
19.5378512539454,7.50083000117183,0,0
8.80895203193626,17.2301732400071,1,0
19.7909317593989,8.19590388756733,0,0
14.5826078226901,10.5905094012596,1,0
25.1665387007464,7.64932970854339,0,1
17.8119940716572,9.36025749889185,0,0
23.0503669944372,7.19075577103857,0,0
26.8705672121911,7.86302477921792,0,1
22.6826103842117,8.18561188168572,0,0
16.3462687020355,8.60654879820321,1,0
14.9586497057605,10.8174115453553,1,0
19.1928911599856,7.34638391252688,0,0
17.478915013216,9.9318729093704,0,0
26.5603726338702,8.57192895803248,0,1
24.1646959412396,6.26206273310675,0,0
18.0203997814744,8.51799349483272,0,0
20.7331653393291,8.67586770622361,1,0
22.1023883658137,6.68168915548204,0,0
25.1183453137994,7.13032184279567,0,1
26.4127097662559,8.002577613663,0,1
13.4885807760153,14.6227178460126,1,1
27.7408270886908,8.56447099970748,0,1
20.5241348147727,9.24456865675148,1,0
21.3917747298488,8.6211193799174,0,0
17.2558291761082,6.59225823436405,0,0
18.8275691041738,8.27120107617252,0,0
29.5920546228542,8.18362190558821,0,1
13.1209561355387,10.2742908987227,1,0
19.6027994754024,9.08769188391222,0,0
21.5949818587083,9.01437597638016,1,0
21.3087539244199,11.7625962121205,1,0
15.6550330406,10.7917821439794,1,0
14.9569263504089,9.27272304495454,1,0
15.9014187389669,12.5892499408684,1,1
19.8506325479926,9.61790512375298,0,0
20.6141931852086,9.65432623095525,1,0
21.0641547874064,10.2368540424836,0,0
18.5137611864904,10.6179294624303,0,0
16.0066772123198,10.1554383158592,1,0
30.1891426470138,7.48989164415463,0,1
20.7049149563289,8.99176956368655,0,0
23.2586626643962,7.30705607513576,0,0
12.2634531248086,9.91122399904176,1,0
22.3255484967181,8.46684938404147,1,0
7.3556729420335,20.1842731139348,1,0
14.5052720056216,10.5108776834357,1,0
18.8308333741753,7.2390500807749,0,0
21.4997054684316,9.5145894462325,0,1
20.2634742418419,9.42732099276159,0,1
14.1319152604699,8.26419471943181,1,0
17.6927244502629,8.83351318502634,0,0
21.333621014296,8.70251030069249,0,0
13.5360661328948,11.6953381177861,0,0
16.5107121782688,8.75753618780481,1,0
18.35576449531,11.149403278813,1,0
21.357424566964,9.12942382604446,0,0
24.0580762937471,7.80447234394163,0,1
23.0163786864369,4.88496986494752,0,0
13.568119310017,15.0239629041526,1,1
12.4068278445116,13.5996688704567,1,0
16.9375914872285,10.9725246790747,1,0
25.7662750312641,6.70881606295518,0,1
23.0624023800682,7.57536748230283,0,0
20.1748195861627,8.37402277952639,0,0
17.036736245715,8.6236292329773,0,0
14.4345822998936,11.6424897302666,1,0
17.8125093285524,8.32667073373032,0,0
17.3153302323253,10.6204369863952,0,0
24.6397672137832,6.89852140608574,0,0
18.2282112151361,10.1316266125021,0,1
29.1472264077134,9.93054538816988,0,1
22.3003037965999,7.77366515681207,0,0
17.7049963334756,10.9363632910116,0,0
28.0681544205465,7.24183972030599,0,1
22.512602360968,9.2104227268914,0,0
20.8242907632917,6.22653829268152,0,0
19.1053103322449,8.03560829111336,0,0
23.9623720571719,7.0528524324608,0,0
14.3563584775403,12.1427087428975,1,0
23.0851181678116,7.35579207821055,0,0
24.405675519704,7.24486236838748,0,0
31.5081728407255,5.96699596889726,0,1
10.7363358794369,13.6531044717235,1,0
9.11905885662447,14.9527750062122,1,0
25.0075049294435,9.44142465909248,0,1
18.4050543459855,7.6802261236691,0,0
15.4080413549614,10.1442495103712,1,0
25.2080249157629,8.76186322321027,0,1
26.9904891769861,6.75223788457496,0,1
25.1188315953521,6.25542441883491,0,1
11.9361499685431,14.315631843943,1,0
18.4792969357905,9.26282305595689,0,0
17.3789179592061,9.2289579180968,0,1
14.4841716589443,12.0542037424742,1,1
15.3004909835619,11.2999748548823,1,0
21.2426486343783,7.14345746205384,0,0
24.9084064792132,9.44233036392401,0,0
16.4266295694027,10.7665109741188,1,1
15.1742892983547,10.1470776863432,0,0
13.580532711478,14.2281395833851,1,0
14.163725081872,12.0051070160542,0,0
7.51232088443697,19.2493011004294,1,0
29.2259995082942,5.49898674439387,0,1
16.2835510356604,9.82917006252871,1,0
18.7401955387641,8.41932755686927,0,1
22.1075835856064,10.1533372502317,1,0
16.8534996434566,12.6329030014109,1,0
17.8863356051549,9.20301651671433,0,1
12.1834069301665,10.9907988796065,1,0
24.9290682918364,5.5852689788906,0,0
8.58744638698326,17.5201696714674,1,1
16.4138231080332,10.9210854986416,1,0
21.1497067545511,5.77016057217282,0,0
21.5938407244005,9.24623619234539,0,0
12.2317792155949,14.5656294164591,1,0
30.3174542377988,5.76875218750724,0,1
19.6751197136564,11.4011017601931,1,1
17.8713092860226,10.3006440769724,0,1
15.1400919148043,12.897322564341,1,0
20.7037973433224,6.81923076109267,0,0
13.9498850424582,8.38229307843777,1,0
16.395026230511,12.0826828547754,1,0
16.1476817568753,10.4180754880182,1,0
25.9814214724173,7.75498957365288,0,1
18.332696843374,8.72788637608605,0,0
24.4802131702053,7.27692145026467,0,0
21.2406248800206,11.3299855512033,1,0
21.8300611000436,6.72127359108008,0,0
6.60065998625472,16.3716033518827,0,0
32.6820746827393,8.42241424913864,0,1
19.2386637867796,7.33580780552833,0,0
17.726788610379,10.5454396757501,1,0
22.8760051395265,8.17904794111578,0,0
22.9979057184007,7.7134719460351,0,1
17.8566227205331,8.05157500342483,0,0
13.5640192949169,12.95214314407,1,0
18.4445748670838,9.11268199113728,1,0
16.2578575145914,9.3761666737157,1,0
26.3535795473297,8.70337223337828,0,1
15.7314402765291,10.8777312239743,0,0
16.2027474532203,9.95271997136692,0,1
22.0537486498964,8.84688636965974,1,1
23.4275486276665,5.82220443294597,0,0
22.2214925495348,6.53074128644436,0,0
15.8105554615588,11.61392652142,1,1
18.1593702182651,9.32739933761533,0,1
21.2191079133762,9.11725057660483,1,0
13.632356507064,13.1590150992017,0,0
12.3019822826659,14.1942793898154,1,0
16.4518285117455,10.8956871643874,1,0
28.3493405696266,7.99232309645507,0,1
27.2889152533557,7.24808136421006,0,1
21.7098665954553,7.72606487338315,0,0
24.9310679414845,9.24803674070849,0,0
24.2950034182014,6.47752127621233,0,0
21.4795461946131,7.84850242567268,0,0
9.97132029237856,13.568318707283,0,0
24.2238056684887,7.7720940986119,0,0
12.9601914399045,9.37383441898152,1,0
21.074895613135,8.29510695414253,0,0
14.3912432827186,10.0599576891234,1,0
18.318309478439,7.96168327249351,0,0
23.1436886550437,4.4640262139619,0,0
21.6259958779004,10.2347778527346,0,0
21.649891451393,9.04649210175531,0,1
22.4263116364333,6.42811894085919,0,0
17.5504166215443,9.5937313406807,0,0
22.0016699966346,6.11087936802254,0,0
18.058329082307,12.0867800045106,0,0
22.3689086341741,5.24578269562398,0,0
20.5936570992597,6.81882114059852,0,0
13.1075716554824,13.5751192944649,1,0
16.1681977122706,12.7459204546889,1,0
15.4187726826211,12.6599722989198,1,1
17.7222576948015,11.5803557720909,1,1
28.3185140126091,8.4519647913744,0,1
14.1728787268252,10.8009254223202,1,0
15.1445701987195,12.2650299052245,1,1
18.5952073072414,8.70933592609114,0,0
13.5628805365632,8.90005177167638,1,0
18.4555335447541,9.16384715487257,0,0
24.0280344601186,6.01202457614601,0,0
23.8108879658311,5.9225171942127,0,0
18.020540465466,9.20743728596653,0,1
17.6441904681057,8.79335537889693,0,0
24.3519124282054,8.90334966643637,0,0
17.5412613846739,8.0973771395225,0,0
12.1766566018685,10.6552412229408,1,0
23.1094648186206,8.07005584368345,0,0
20.572563654376,5.22502711759045,0,0
15.4429982141685,9.93832711568304,1,0
9.87985610377527,13.136617057555,1,0
18.5391473175091,6.82304295426117,0,0
14.8795722132494,10.6877832341822,1,0
21.8235433006734,8.07768640666735,0,0
26.170763304914,6.63483342148877,0,1
19.8321676205207,9.92684275145178,0,0
20.6986151216154,10.9389052426304,1,0
18.1740591199321,6.4890221816723,0,0
17.972956138133,9.33349168517496,0,0
23.5236871957999,7.64162924695742,0,0
11.7092338227886,13.2853913431705,1,0
27.7724266763864,6.53831033837076,0,1
22.1226383197844,5.48189874739908,0,0
27.9506142217573,8.0574826505119,0,1
6.84238417746234,22.2207872056658,1,0
16.172568595447,11.8076114475312,1,0
16.4536404301033,13.0407796755422,1,0
27.6839902930345,7.15506071189413,0,1
25.848972041704,7.76427862305394,0,1
30.3995952706272,9.2110911826102,0,1
14.1418799777048,10.6173258687692,0,0
25.9879646283704,8.60328812977554,0,1
11.1475007811771,12.6792678634294,1,0
18.7641285016279,7.31356260079873,0,0
22.9476787247846,6.0228158028157,0,0
32.2447579546874,7.20910915250338,0,1
10.7581678628074,13.7636606509523,1,0
17.7551776077258,8.48482674947941,1,0
13.0559301582816,10.913397318198,1,0
22.5536732806359,7.56062805818583,1,0
20.658050958527,8.48183634075306,0,1
23.3858171951646,6.67767466358851,0,0
13.8425785804671,12.4875978543665,1,1
19.2039249325578,8.93963156762637,0,0
27.8842350733291,6.7919224311219,0,1
23.0412716816745,9.67254178622725,0,1
23.1120175147277,6.19714293084863,0,0
18.3050545136669,9.75747865398673,0,0
24.6285256372194,6.58590143018606,0,0
19.106141188848,10.1470179953342,0,0
21.3892795512019,4.48944867685773,0,0
20.7305839172891,7.49341890028868,0,0
17.6798262366446,10.7248055395192,0,0
29.4282408858055,8.2056807115059,0,1
6.01353798685784,23.0175849138131,1,0
26.7958345300565,7.74397860809296,0,1
14.9592645897453,12.1037218330958,1,1
15.392481854327,9.57446521781225,1,0
18.2766268925306,5.7172248130392,0,0
20.8194419544595,6.68033000039724,0,0
20.9106788429353,7.76815593857815,0,0
16.4938112324205,11.0300383830952,0,0
25.4261960812522,8.39537836071418,0,1
19.3356806085414,9.95652183188125,1,0
21.7689662975092,5.16640766897649,0,0
20.3993282143604,8.86974309923269,1,0
15.9022920289454,10.9443145228271,1,0
33.8478047783515,7.90981718155809,0,1
14.8241984563309,10.8210180316495,0,0
27.7864658701675,8.5388964068568,0,1
26.428240443389,7.94919704680395,0,1
22.4887178002339,7.58775877683172,0,1
27.4911684536898,6.90793541347961,0,1
19.4929484359355,9.35851048695126,0,0
20.7219578992967,7.61376024219849,0,0
22.582862048494,11.1091917518774,0,0
21.7855092446206,7.49733016867743,0,0
11.9546777257636,10.8498206897869,1,0
10.1291952422507,14.1043659752701,1,0
26.8817474804823,6.9296444596302,0,1
22.577737192181,7.64124266354833,0,0
22.886986760803,7.29839663848705,0,0
21.5765068114764,7.64814474774083,0,0
14.50418767262,8.28727426557755,0,0
18.8533123400276,10.8770895230164,0,0
12.3556820956927,10.6050400844819,1,0
14.7764770467684,9.6509951303298,1,0
25.6655357700961,9.2450872288661,0,1
19.3318325883816,7.14781597179996,0,0
14.2454484274392,9.95697748593675,1,0
23.2044044525256,9.72211289000585,1,1
25.1443184539096,8.36285171249258,0,1
22.050817544743,10.2711515235905,1,0
19.6095902747696,9.0017711517813,0,0
15.4280185955758,11.0042350424428,1,0
25.3962224099446,7.79332978436664,0,1
19.6140391297262,8.45038348850638,0,1
21.8361127960375,5.75073389634332,0,0
28.277686331758,7.45875788234411,0,1
16.3152928973429,8.02644307177453,1,0
16.3186191381849,10.9000340589415,1,0
18.6826490293806,9.93262826938479,0,0
19.871791589802,9.50174526319661,0,0
18.2028573936596,10.7147381205972,0,0
20.6945934949011,7.06331490739656,0,0
17.4387887705562,7.33661510796715,0,0
19.3743138885663,8.09866308437304,0,0
24.1721931944755,6.45412454898129,0,0
22.7745109834595,7.72810702585696,0,0
18.1228528500265,7.88051463410553,1,0
19.3029723637839,7.75327708228787,0,0
14.8936388867809,12.6269383922438,1,1
23.8434743022182,9.07354776898748,0,1
16.0604209305508,8.88304285607075,1,0
25.3624246513741,6.92398761323184,0,1
20.1225028891034,6.52866901300531,0,0
25.2385371295339,8.17323032251089,0,1
15.0714572737696,11.5060484338899,1,0
20.2954318980165,6.93486540045508,0,0
14.4725426597594,13.0803294820413,1,0
21.1830239458111,8.43768024881123,0,1
31.6808684050458,5.24024452011693,0,1
17.7678927509197,9.23392254252691,1,0
21.4599993080503,8.10248246365747,0,0
11.0387485720554,12.8749555811396,1,1
19.6476561388661,7.78976499869936,0,0
24.8031848409523,7.58967423576718,0,1
24.0895504991808,8.86341541277019,0,0
20.2324752007078,12.1036398667443,0,0
10.0186262768035,15.186793638985,1,1
22.7944129099566,9.07678861555198,1,0
16.8375233467886,11.7060193892374,1,0
29.2186119446921,6.91911494913555,0,1
24.8693010797963,7.17441548817573,0,0
13.3549374102169,11.2324761684116,1,0
20.2107195108439,9.63744807695914,1,0
29.4139981154085,7.08362142065883,0,1
